[
    {
        "name":"config.brake_resistance",
        "type":"float",
        "value":0.0
    },
    {
        "name":"axis0.motor.config.pole_pairs",
        "type":"int32",
        "value":4
    },
    {
        "name":"axis0.motor.config.resistance_calib_max_voltage",
        "type":"float",
        "value":4.0
    },
    {
        "name":"axis0.motor.config.calibration_current",
        "type":"float",
        "value":20.0
    },
    {
        "name":"axis0.motor.config.requested_current_range",
        "type":"float",
        "value":150.0
    },
    {
        "name":"axis0.motor.config.current_control_bandwidth",
        "type":"float",
        "value":100.0
    },
    {
        "name":"axis0.encoder.config.mode",
        "type":"uint8",
        "value":1
    },
    {
        "name":"axis0.encoder.config.cpr",
        "type":"int32",
        "value":24
    },
    {
        "name":"axis0.motor.config.current_lim",
        "type":"float",
        "value":40.0
    },
    {
        "name":"axis0.encoder.config.bandwidth",
        "type":"float",
        "value":100.0
    },
    {
        "name":"axis0.controller.config.pos_gain",
        "type":"float",
        "value":1.0
    },
    {
        "name":"axis0.controller.config.vel_gain",
        "type":"float",
        "value":0.02
    },
    {
        "name":"axis0.controller.config.vel_integrator_gain",
        "type":"float",
        "value":0.1
    },
    {
        "name":"axis0.controller.config.vel_limit",
        "type":"float",
        "value":225.0
    },
    {
        "name":"axis0.controller.config.control_mode",
        "type":"uint8",
        "value":2
    },
    {
        "name":"axis0.encoder.config.calib_range",
        "type":"float",
        "value":0.25
    },

    {
        "name":"axis1.motor.config.pole_pairs",
        "type":"int32",
        "value":4
    },
    {
        "name":"axis1.motor.config.resistance_calib_max_voltage",
        "type":"float",
        "value":4.0
    },
    {
        "name":"axis1.motor.config.calibration_current",
        "type":"float",
        "value":20.0
    },
    {
        "name":"axis1.motor.config.requested_current_range",
        "type":"float",
        "value":150.0
    },
    {
        "name":"axis1.motor.config.current_control_bandwidth",
        "type":"float",
        "value":100.0
    },
    {
        "name":"axis1.encoder.config.mode",
        "type":"uint8",
        "value":1
    },
    {
        "name":"axis1.encoder.config.cpr",
        "type":"int32",
        "value":24
    },
    {
        "name":"axis1.motor.config.current_lim",
        "type":"float",
        "value":40.0
    },
    {
        "name":"axis1.encoder.config.bandwidth",
        "type":"float",
        "value":100.0
    },
    {
        "name":"axis1.controller.config.pos_gain",
        "type":"float",
        "value":1.0
    },
    {
        "name":"axis1.controller.config.vel_gain",
        "type":"float",
        "value":0.02
    },
    {
        "name":"axis1.controller.config.vel_integrator_gain",
        "type":"float",
        "value":0.1
    },
    {
        "name":"axis1.controller.config.vel_limit",
        "type":"float",
        "value":225.0
    },
    {
        "name":"axis1.controller.config.control_mode",
        "type":"uint8",
        "value":2
    },
    {
        "name":"axis1.encoder.config.calib_range",
        "type":"float",
        "value":0.25
    }
]
